-- 대학교 목록 추가 SQL
-- 제공된 대학교 목록만 삽입

INSERT INTO `University` (`univNm`, `univName`, `mileageRatio`) VALUES 
(1, 'ICT폴리텍대학', 0.7),
(2, '강동대학교', 0.7),
(3, '강서대학교', 0.7),
(4, '강원도립대학교', 0.7),
(5, '경기과학기술대학교', 0.7),
(6, '경기대학교', 0.75),
(7, '경남정보대학교', 0.7),
(8, '경안대학원대학교', 0.7),
(9, '광주대학교', 0.7),
(10, '광주보건대학교', 0.7),
(11, '국립목포대학교', 0.8),
(12, '국제뇌교육대학원대학교', 0.7),
(13, '김천대학교', 0.7),
(14, '남서울대학교', 0.7),
(15, '대경대학교', 0.7),
(16, '대구공업대학교', 0.7),
(17, '대구보건대학교', 0.7),
(18, '대전총신평생교육원', 0.7),
(19, '대진대학교', 0.7),
(20, '대한신학대학원대', 0.7),
(21, '동국대학교', 0.8),
(22, '동국대학교WISE', 0.8),
(23, '동덕여자대학교', 0.75),
(24, '동서대학교', 0.7),
(25, '동아방송예술대학교', 0.7),
(26, '동아보건대학교', 0.7),
(27, '동양대학교', 0.7),
(28, '동원과학기술대학교', 0.7),
(29, '동의대학교', 0.75),
(30, '두원공과대학교', 0.7),
(31, '목원대학교', 0.7),
(32, '목포과학대학교', 0.7),
(33, '목포해양대학교', 0.75),
(34, '문경대학교', 0.7),
(35, '배재대학교', 0.7),
(36, '백석대학교', 0.7),
(37, '백석문화대학교', 0.7),
(38, '상명대학교', 0.75),
(39, '상지대학교', 0.7),
(40, '서울사회복지대학원대', 0.7),
(41, '서울성경신학대학원대', 0.7),
(42, '서울신학대학교', 0.7),
(43, '서울여자간호대학교', 0.7),
(44, '서울예술대학교', 0.75),
(45, '서원대학교', 0.7),
(46, '서정대학교', 0.7),
(47, '성서침례대학원대', 0.7),
(48, '송곡대학교', 0.7),
(49, '수도국제대학원대', 0.7),
(50, '수성대학교', 0.7),
(51, '수원과학대학교', 0.7),
(52, '수원대학교', 0.7),
(53, '수원여자대학교', 0.7),
(54, '숙명여자대학교', 0.85),
(55, '신성대학교', 0.7),
(56, '신안산대학교', 0.7),
(57, '아세아항공직업전문학교', 0.7),
(58, '안산대학교', 0.7),
(59, '안양대학교', 0.7),
(60, '에스라성경대학원대', 0.7),
(61, '엣지대학교', 0.7),
(62, '영진전문대학교', 0.7),
(63, '용인대학교', 0.7),
(64, '용인예술과학대학교', 0.7),
(65, '울산과학대학교', 0.7),
(66, '웅지세무대', 0.7),
(67, '원광보건대학교', 0.7),
(68, '위덕대학교', 0.7),
(69, '유원대학교', 0.7),
(70, '유한대학교', 0.7),
(71, '을지대학교', 0.75),
(72, '이화여자대학교', 0.85),
(73, '인덕대학교', 0.7),
(74, '인제대학교', 0.75),
(75, '인천가톨릭대학교', 0.75),
(76, '재능대학교', 0.7),
(77, '전북과학대학교', 0.7),
(78, '전주기전대학', 0.7),
(79, '제네바신학대학원대', 0.7),
(80, '주안대학원대', 0.7),
(81, '중원대학교', 0.7),
(82, '창신대학교', 0.7),
(83, '천안총신평생교육원', 0.7),
(84, '청강문화산업대학교', 0.7),
(85, '청암대학교', 0.7),
(86, '청주대학교', 0.7),
(87, '초당대학교', 0.7),
(88, '총신대학교', 0.7),
(89, '추계예술대학교', 0.75),
(90, '춘해보건대학교', 0.7),
(91, '충북보건과학대학교', 0.7),
(92, '충청대학교', 0.7),
(93, '칼빈대학교', 0.7),
(94, '평택대학교', 0.7),
(95, '포항대학교', 0.7),
(96, '한국관광대학교', 0.7),
(97, '한국성서대학교', 0.7),
(98, '한국전통문화대학교', 0.75),
(99, '한국침례신학대학교', 0.7),
(100, '한국호텔관광실용전문학교', 0.7),
(101, '한남대학교', 0.75),
(102, '한서대학교', 0.7),
(103, '한성대학교', 0.75),
(104, '한성콘텐츠디자인칼리지', 0.7),
(105, '한세대학교', 0.7),
(106, '한신대학교', 0.7),
(107, '한양대학교', 0.85),
(108, '한양여자대학교', 0.7),
(109, '한영대학교', 0.7),
(110, '합동신학대학원대', 0.7),
(111, '헤이영대학교', 0.7),
(112, '협성대학교', 0.7),
(113, '홍익대학교', 0.8),
(114, '화성의과대학교', 0.7),
(115, '횃불트리니티신학대학원대', 0.7),
(999, '미지정대학교', 0.5)
ON DUPLICATE KEY UPDATE 
    `univName` = VALUES(`univName`),
    `mileageRatio` = VALUES(`mileageRatio`);

-- 각 대학교에 대한 기본 College 추가 (일반학부)
INSERT INTO `College` (`collegeNm`, `univNm`, `name`) VALUES 
(1, 1, '일반학부'),
(1, 2, '일반학부'),
(1, 3, '일반학부'),
(1, 4, '일반학부'),
(1, 5, '일반학부'),
(1, 6, '일반학부'),
(1, 7, '일반학부'),
(1, 8, '일반학부'),
(1, 9, '일반학부'),
(1, 10, '일반학부'),
(1, 11, '일반학부'),
(1, 12, '일반학부'),
(1, 13, '일반학부'),
(1, 14, '일반학부'),
(1, 15, '일반학부'),
(1, 16, '일반학부'),
(1, 17, '일반학부'),
(1, 18, '일반학부'),
(1, 19, '일반학부'),
(1, 20, '일반학부'),
(1, 21, '일반학부'),
(1, 22, '일반학부'),
(1, 23, '일반학부'),
(1, 24, '일반학부'),
(1, 25, '일반학부'),
(1, 26, '일반학부'),
(1, 27, '일반학부'),
(1, 28, '일반학부'),
(1, 29, '일반학부'),
(1, 30, '일반학부'),
(1, 31, '일반학부'),
(1, 32, '일반학부'),
(1, 33, '일반학부'),
(1, 34, '일반학부'),
(1, 35, '일반학부'),
(1, 36, '일반학부'),
(1, 37, '일반학부'),
(1, 38, '일반학부'),
(1, 39, '일반학부'),
(1, 40, '일반학부'),
(1, 41, '일반학부'),
(1, 42, '일반학부'),
(1, 43, '일반학부'),
(1, 44, '일반학부'),
(1, 45, '일반학부'),
(1, 46, '일반학부'),
(1, 47, '일반학부'),
(1, 48, '일반학부'),
(1, 49, '일반학부'),
(1, 50, '일반학부'),
(1, 51, '일반학부'),
(1, 52, '일반학부'),
(1, 53, '일반학부'),
(1, 54, '일반학부'),
(1, 55, '일반학부'),
(1, 56, '일반학부'),
(1, 57, '일반학부'),
(1, 58, '일반학부'),
(1, 59, '일반학부'),
(1, 60, '일반학부'),
(1, 61, '일반학부'),
(1, 62, '일반학부'),
(1, 63, '일반학부'),
(1, 64, '일반학부'),
(1, 65, '일반학부'),
(1, 66, '일반학부'),
(1, 67, '일반학부'),
(1, 68, '일반학부'),
(1, 69, '일반학부'),
(1, 70, '일반학부'),
(1, 71, '일반학부'),
(1, 72, '일반학부'),
(1, 73, '일반학부'),
(1, 74, '일반학부'),
(1, 75, '일반학부'),
(1, 76, '일반학부'),
(1, 77, '일반학부'),
(1, 78, '일반학부'),
(1, 79, '일반학부'),
(1, 80, '일반학부'),
(1, 81, '일반학부'),
(1, 82, '일반학부'),
(1, 83, '일반학부'),
(1, 84, '일반학부'),
(1, 85, '일반학부'),
(1, 86, '일반학부'),
(1, 87, '일반학부'),
(1, 88, '일반학부'),
(1, 89, '일반학부'),
(1, 90, '일반학부'),
(1, 91, '일반학부'),
(1, 92, '일반학부'),
(1, 93, '일반학부'),
(1, 94, '일반학부'),
(1, 95, '일반학부'),
(1, 96, '일반학부'),
(1, 97, '일반학부'),
(1, 98, '일반학부'),
(1, 99, '일반학부'),
(1, 100, '일반학부'),
(1, 101, '일반학부'),
(1, 102, '일반학부'),
(1, 103, '일반학부'),
(1, 104, '일반학부'),
(1, 105, '일반학부'),
(1, 106, '일반학부'),
(1, 107, '일반학부'),
(1, 108, '일반학부'),
(1, 109, '일반학부'),
(1, 110, '일반학부'),
(1, 111, '일반학부'),
(1, 112, '일반학부'),
(1, 113, '일반학부'),
(1, 114, '일반학부'),
(1, 115, '일반학부'),
(999, 999, '미지정단과대')
ON DUPLICATE KEY UPDATE 
    `name` = VALUES(`name`);

-- 각 대학교에 대한 기본 Department 추가 (일반학과)
INSERT INTO `Department` (`deptNm`, `collegeNm`, `univNm`, `Deptname`) VALUES 
(1, 1, 1, '일반학과'),
(1, 1, 2, '일반학과'),
(1, 1, 3, '일반학과'),
(1, 1, 4, '일반학과'),
(1, 1, 5, '일반학과'),
(1, 1, 6, '일반학과'),
(1, 1, 7, '일반학과'),
(1, 1, 8, '일반학과'),
(1, 1, 9, '일반학과'),
(1, 1, 10, '일반학과'),
(1, 1, 11, '일반학과'),
(1, 1, 12, '일반학과'),
(1, 1, 13, '일반학과'),
(1, 1, 14, '일반학과'),
(1, 1, 15, '일반학과'),
(1, 1, 16, '일반학과'),
(1, 1, 17, '일반학과'),
(1, 1, 18, '일반학과'),
(1, 1, 19, '일반학과'),
(1, 1, 20, '일반학과'),
(1, 1, 21, '일반학과'),
(1, 1, 22, '일반학과'),
(1, 1, 23, '일반학과'),
(1, 1, 24, '일반학과'),
(1, 1, 25, '일반학과'),
(1, 1, 26, '일반학과'),
(1, 1, 27, '일반학과'),
(1, 1, 28, '일반학과'),
(1, 1, 29, '일반학과'),
(1, 1, 30, '일반학과'),
(1, 1, 31, '일반학과'),
(1, 1, 32, '일반학과'),
(1, 1, 33, '일반학과'),
(1, 1, 34, '일반학과'),
(1, 1, 35, '일반학과'),
(1, 1, 36, '일반학과'),
(1, 1, 37, '일반학과'),
(1, 1, 38, '일반학과'),
(1, 1, 39, '일반학과'),
(1, 1, 40, '일반학과'),
(1, 1, 41, '일반학과'),
(1, 1, 42, '일반학과'),
(1, 1, 43, '일반학과'),
(1, 1, 44, '일반학과'),
(1, 1, 45, '일반학과'),
(1, 1, 46, '일반학과'),
(1, 1, 47, '일반학과'),
(1, 1, 48, '일반학과'),
(1, 1, 49, '일반학과'),
(1, 1, 50, '일반학과'),
(1, 1, 51, '일반학과'),
(1, 1, 52, '일반학과'),
(1, 1, 53, '일반학과'),
(1, 1, 54, '일반학과'),
(1, 1, 55, '일반학과'),
(1, 1, 56, '일반학과'),
(1, 1, 57, '일반학과'),
(1, 1, 58, '일반학과'),
(1, 1, 59, '일반학과'),
(1, 1, 60, '일반학과'),
(1, 1, 61, '일반학과'),
(1, 1, 62, '일반학과'),
(1, 1, 63, '일반학과'),
(1, 1, 64, '일반학과'),
(1, 1, 65, '일반학과'),
(1, 1, 66, '일반학과'),
(1, 1, 67, '일반학과'),
(1, 1, 68, '일반학과'),
(1, 1, 69, '일반학과'),
(1, 1, 70, '일반학과'),
(1, 1, 71, '일반학과'),
(1, 1, 72, '일반학과'),
(1, 1, 73, '일반학과'),
(1, 1, 74, '일반학과'),
(1, 1, 75, '일반학과'),
(1, 1, 76, '일반학과'),
(1, 1, 77, '일반학과'),
(1, 1, 78, '일반학과'),
(1, 1, 79, '일반학과'),
(1, 1, 80, '일반학과'),
(1, 1, 81, '일반학과'),
(1, 1, 82, '일반학과'),
(1, 1, 83, '일반학과'),
(1, 1, 84, '일반학과'),
(1, 1, 85, '일반학과'),
(1, 1, 86, '일반학과'),
(1, 1, 87, '일반학과'),
(1, 1, 88, '일반학과'),
(1, 1, 89, '일반학과'),
(1, 1, 90, '일반학과'),
(1, 1, 91, '일반학과'),
(1, 1, 92, '일반학과'),
(1, 1, 93, '일반학과'),
(1, 1, 94, '일반학과'),
(1, 1, 95, '일반학과'),
(1, 1, 96, '일반학과'),
(1, 1, 97, '일반학과'),
(1, 1, 98, '일반학과'),
(1, 1, 99, '일반학과'),
(1, 1, 100, '일반학과'),
(1, 1, 101, '일반학과'),
(1, 1, 102, '일반학과'),
(1, 1, 103, '일반학과'),
(1, 1, 104, '일반학과'),
(1, 1, 105, '일반학과'),
(1, 1, 106, '일반학과'),
(1, 1, 107, '일반학과'),
(1, 1, 108, '일반학과'),
(1, 1, 109, '일반학과'),
(1, 1, 110, '일반학과'),
(1, 1, 111, '일반학과'),
(1, 1, 112, '일반학과'),
(1, 1, 113, '일반학과'),
(1, 1, 114, '일반학과'),
(1, 1, 115, '일반학과'),
(999, 999, 999, '미지정학과')
ON DUPLICATE KEY UPDATE 
    `Deptname` = VALUES(`Deptname`);